week_start,milk_cost_per_liter,holding_cost_per_kg,stockout_cost_per_kg,spoilage_cost_per_kg,spoilage_rate
2022-01-03,0.6313,0.1938,2.4381,0.5746,0.2
2022-01-10,0.6459,0.1937,2.4578,0.5722,0.2
2022-01-17,0.6305,0.1877,2.4322,0.5759,0.2
2022-01-24,0.6474,0.2057,2.4362,0.5567,0.2
2022-01-31,0.6476,0.1975,2.4718,0.5652,0.2
2022-02-07,0.6508,0.1909,2.4162,0.553,0.2
2022-02-14,0.6615,0.179,2.543,0.5352,0.2
2022-02-21,0.636,0.1935,2.4947,0.5531,0.2
2022-02-28,0.6538,0.1884,2.4794,0.5547,0.2
2022-03-07,0.67,0.1905,2.4816,0.5472,0.2
2022-03-14,0.6801,0.1822,2.4532,0.5441,0.2
2022-03-21,0.6464,0.1821,2.4807,0.5608,0.2
2022-03-28,0.6416,0.1739,2.4843,0.5296,0.2
2022-04-04,0.63,0.1913,2.4143,0.547,0.2
2022-04-11,0.6327,0.1827,2.4756,0.5452,0.2
2022-04-18,0.629,0.1751,2.4109,0.5307,0.2
2022-04-25,0.6036,0.1823,2.4952,0.5334,0.2
2022-05-02,0.6013,0.1693,2.4241,0.5469,0.2
2022-05-09,0.5953,0.1767,2.4835,0.5266,0.2
2022-05-16,0.6101,0.174,2.4214,0.5436,0.2
2022-05-23,0.601,0.1697,2.3755,0.5288,0.2
2022-05-30,0.6051,0.1697,2.3853,0.5506,0.2
2022-06-06,0.6013,0.1758,2.3731,0.5496,0.2
2022-06-13,0.6112,0.1636,2.4302,0.5189,0.2
2022-06-20,0.5964,0.1641,2.4218,0.5123,0.2
2022-06-27,0.6217,0.1608,2.3422,0.5299,0.2
2022-07-04,0.6216,0.1717,2.3805,0.5358,0.2
2022-07-11,0.6512,0.1624,2.3874,0.535,0.2
2022-07-18,0.655,0.1727,2.3148,0.548,0.2
2022-07-25,0.6503,0.1716,2.3461,0.546,0.2
2022-08-01,0.65,0.1639,2.3419,0.5641,0.2
2022-08-08,0.6687,0.1633,2.3217,0.5439,0.2
2022-08-15,0.6579,0.1685,2.3366,0.5568,0.2
2022-08-22,0.6539,0.1718,2.265,0.5718,0.2
2022-08-29,0.655,0.1714,2.2827,0.5582,0.2
2022-09-05,0.653,0.1722,2.2896,0.574,0.2
2022-09-12,0.6614,0.1766,2.3008,0.5694,0.2
2022-09-19,0.6496,0.1768,2.354,0.5796,0.2
2022-09-26,0.6361,0.1825,2.3298,0.5586,0.2
2022-10-03,0.6508,0.1899,2.3354,0.561,0.2
2022-10-10,0.609,0.1743,2.3542,0.5775,0.2
2022-10-17,0.6216,0.1811,2.3008,0.572,0.2
2022-10-24,0.6115,0.1873,2.3439,0.5655,0.2
2022-10-31,0.5954,0.1842,2.3247,0.564,0.2
2022-11-07,0.5956,0.1897,2.3978,0.5595,0.2
2022-11-14,0.6127,0.1889,2.3678,0.5564,0.2
2022-11-21,0.6028,0.1896,2.389,0.5563,0.2
2022-11-28,0.5911,0.1916,2.336,0.5626,0.2
2022-12-05,0.6105,0.1936,2.4023,0.5396,0.2
2022-12-12,0.5978,0.1841,2.3774,0.5549,0.2
2022-12-19,0.6268,0.1909,2.3522,0.5343,0.2
2022-12-26,0.6603,0.1889,2.4185,0.5359,0.2
2023-01-02,0.635,0.1913,2.4771,0.5456,0.2
2023-01-09,0.6273,0.1983,2.4903,0.5363,0.2
2023-01-16,0.6392,0.1938,2.4396,0.5485,0.2
2023-01-23,0.6557,0.1889,2.4533,0.5214,0.2
2023-01-30,0.6486,0.1946,2.4365,0.5425,0.2
2023-02-06,0.6462,0.1903,2.446,0.533,0.2
2023-02-13,0.6695,0.1973,2.3991,0.5273,0.2
2023-02-20,0.6565,0.1876,2.4003,0.5351,0.2
2023-02-27,0.6378,0.1904,2.4821,0.5153,0.2
2023-03-06,0.6718,0.1895,2.4722,0.5409,0.2
2023-03-13,0.647,0.1816,2.4848,0.5331,0.2
2023-03-20,0.6439,0.1932,2.4866,0.5444,0.2
2023-03-27,0.6311,0.1818,2.4648,0.5282,0.2
2023-04-03,0.6197,0.172,2.4253,0.5244,0.2
2023-04-10,0.632,0.1842,2.4585,0.559,0.2
2023-04-17,0.6355,0.1743,2.4455,0.5184,0.2
2023-04-24,0.6007,0.1769,2.4468,0.5494,0.2
2023-05-01,0.6208,0.1823,2.4326,0.5634,0.2
2023-05-08,0.6105,0.1762,2.4563,0.5349,0.2
2023-05-15,0.5939,0.174,2.4328,0.5633,0.2
2023-05-22,0.5987,0.1691,2.3975,0.5656,0.2
2023-05-29,0.6007,0.1667,2.4611,0.5655,0.2
2023-06-05,0.6049,0.1547,2.3969,0.5828,0.2
2023-06-12,0.6134,0.1649,2.4249,0.5744,0.2
2023-06-19,0.6251,0.1698,2.3448,0.5709,0.2
2023-06-26,0.6188,0.1672,2.3803,0.568,0.2
2023-07-03,0.6365,0.1608,2.3186,0.5808,0.2
2023-07-10,0.6258,0.1714,2.3048,0.5616,0.2
2023-07-17,0.6581,0.1638,2.3714,0.5892,0.2
2023-07-24,0.6389,0.1718,2.3458,0.5549,0.2
2023-07-31,0.6713,0.1707,2.3543,0.5629,0.2
2023-08-07,0.6577,0.1721,2.3782,0.5647,0.2
2023-08-14,0.6624,0.173,2.2948,0.5473,0.2
2023-08-21,0.664,0.167,2.291,0.5521,0.2
2023-08-28,0.6711,0.1753,2.2704,0.556,0.2
2023-09-04,0.6331,0.1766,2.2809,0.5468,0.2
2023-09-11,0.6495,0.173,2.3238,0.5512,0.2
2023-09-18,0.6493,0.1697,2.3078,0.5562,0.2
2023-09-25,0.6413,0.1753,2.3232,0.5372,0.2
2023-10-02,0.6276,0.1728,2.3805,0.5287,0.2
2023-10-09,0.6319,0.1842,2.2818,0.5283,0.2
2023-10-16,0.627,0.1817,2.3434,0.5404,0.2
2023-10-23,0.6172,0.1903,2.3962,0.5355,0.2
2023-10-30,0.5969,0.1861,2.3678,0.5211,0.2
2023-11-06,0.5855,0.191,2.3814,0.5177,0.2
2023-11-13,0.5779,0.1946,2.3786,0.5408,0.2
2023-11-20,0.5879,0.1919,2.3664,0.5257,0.2
2023-11-27,0.6002,0.1863,2.4106,0.5359,0.2
2023-12-04,0.6046,0.1966,2.4263,0.526,0.2
2023-12-11,0.6014,0.1976,2.3554,0.5119,0.2
2023-12-18,0.6195,0.1958,2.4033,0.5371,0.2
2023-12-25,0.6453,0.1979,2.3398,0.5344,0.2
2024-01-01,0.6455,0.1946,2.3748,0.5196,0.2
2024-01-08,0.6287,0.1937,2.4852,0.55,0.2
2024-01-15,0.6716,0.1964,2.4502,0.5398,0.2
2024-01-22,0.6433,0.1977,2.4235,0.5436,0.2
2024-01-29,0.6654,0.1883,2.4668,0.5452,0.2
2024-02-05,0.6668,0.1891,2.5101,0.5635,0.2
2024-02-12,0.6463,0.1887,2.4744,0.5602,0.2
2024-02-19,0.6757,0.1899,2.4273,0.5586,0.2
2024-02-26,0.6532,0.1937,2.4728,0.5667,0.2
2024-03-04,0.6546,0.1941,2.4653,0.5644,0.2
2024-03-11,0.6391,0.1859,2.4728,0.5815,0.2
2024-03-18,0.626,0.1846,2.4673,0.5613,0.2
2024-03-25,0.6163,0.1851,2.4955,0.5616,0.2
2024-04-01,0.6348,0.1838,2.4473,0.5659,0.2
2024-04-08,0.6319,0.1837,2.476,0.5805,0.2
2024-04-15,0.6101,0.175,2.4479,0.5677,0.2
2024-04-22,0.6301,0.1748,2.4321,0.556,0.2
2024-04-29,0.6213,0.1861,2.4426,0.5576,0.2
2024-05-06,0.593,0.1703,2.3907,0.575,0.2
2024-05-13,0.6033,0.1677,2.4239,0.5591,0.2
2024-05-20,0.5885,0.1713,2.4241,0.5609,0.2
2024-05-27,0.5924,0.1616,2.3932,0.5514,0.2
2024-06-03,0.6243,0.1678,2.3757,0.5632,0.2
2024-06-10,0.6029,0.1673,2.3691,0.5501,0.2
2024-06-17,0.6136,0.1586,2.4043,0.5599,0.2
2024-06-24,0.6166,0.1716,2.3813,0.5405,0.2
2024-07-01,0.6298,0.1533,2.3637,0.5622,0.2
2024-07-08,0.6553,0.1614,2.3342,0.5387,0.2
2024-07-15,0.6615,0.1729,2.3121,0.5308,0.2
2024-07-22,0.6448,0.1736,2.3828,0.5341,0.2
2024-07-29,0.6697,0.1648,2.3732,0.5326,0.2
2024-08-05,0.6583,0.176,2.3372,0.5276,0.2
2024-08-12,0.6705,0.1713,2.3383,0.5263,0.2
2024-08-19,0.6452,0.1757,2.321,0.5169,0.2
2024-08-26,0.6411,0.1786,2.3146,0.503,0.2
2024-09-02,0.6601,0.1786,2.2724,0.5287,0.2
2024-09-09,0.6565,0.1821,2.3023,0.5469,0.2
2024-09-16,0.6596,0.1789,2.3047,0.5392,0.2
2024-09-23,0.6294,0.1773,2.3415,0.5336,0.2
2024-09-30,0.6439,0.1773,2.3357,0.5315,0.2
2024-10-07,0.6163,0.1881,2.3272,0.5479,0.2
2024-10-14,0.5998,0.1775,2.3603,0.5617,0.2
2024-10-21,0.6366,0.1816,2.3509,0.5438,0.2
2024-10-28,0.6283,0.1952,2.2993,0.5561,0.2
2024-11-04,0.6048,0.1862,2.3897,0.5614,0.2
2024-11-11,0.608,0.1969,2.3061,0.5602,0.2
2024-11-18,0.5942,0.191,2.3782,0.5517,0.2
2024-11-25,0.5977,0.206,2.4463,0.5658,0.2
2024-12-02,0.6153,0.1897,2.4233,0.5381,0.2
2024-12-09,0.6114,0.1943,2.4277,0.5781,0.2
2024-12-16,0.6087,0.1964,2.4238,0.5881,0.2
2024-12-23,0.6281,0.1963,2.433,0.5887,0.2
2024-12-30,0.6335,0.1974,2.4151,0.573,0.2
2025-01-06,0.6309,0.1882,2.4823,0.5769,0.2
2025-01-13,0.6442,0.192,2.4724,0.5733,0.2
2025-01-20,0.6473,0.1988,2.5164,0.5786,0.2
2025-01-27,0.6589,0.1913,2.4678,0.5659,0.2
2025-02-03,0.6537,0.1963,2.4952,0.5457,0.2
2025-02-10,0.6488,0.1879,2.465,0.5483,0.2
2025-02-17,0.657,0.1848,2.4661,0.5734,0.2
2025-02-24,0.6718,0.1835,2.4835,0.5331,0.2
2025-03-03,0.6496,0.1831,2.4745,0.55,0.2
2025-03-10,0.6483,0.1805,2.4644,0.5359,0.2
2025-03-17,0.6494,0.1869,2.4577,0.5479,0.2
2025-03-24,0.6251,0.1892,2.5483,0.5431,0.2
2025-03-31,0.625,0.1778,2.4453,0.5346,0.2
2025-04-07,0.6249,0.1822,2.4371,0.5287,0.2
2025-04-14,0.6207,0.1778,2.4779,0.5408,0.2
2025-04-21,0.5762,0.1692,2.4403,0.5386,0.2
2025-04-28,0.6012,0.1683,2.4629,0.5218,0.2
2025-05-05,0.5894,0.1733,2.4456,0.5335,0.2
2025-05-12,0.5889,0.1883,2.4007,0.5329,0.2
2025-05-19,0.5958,0.171,2.4335,0.531,0.2
2025-05-26,0.6,0.1656,2.4595,0.5265,0.2
2025-06-02,0.5949,0.1632,2.3876,0.5222,0.2
2025-06-09,0.6274,0.1661,2.3838,0.517,0.2
2025-06-16,0.6081,0.1597,2.3613,0.5259,0.2
2025-06-23,0.6293,0.1642,2.3644,0.5324,0.2
2025-06-30,0.6352,0.1639,2.3408,0.5313,0.2
2025-07-07,0.6325,0.1664,2.3801,0.5471,0.2
2025-07-14,0.6536,0.1727,2.3483,0.5311,0.2
2025-07-21,0.6307,0.1745,2.3328,0.5542,0.2
2025-07-28,0.6661,0.1584,2.3304,0.5515,0.2
2025-08-04,0.6629,0.1666,2.3535,0.5456,0.2
2025-08-11,0.6663,0.1617,2.323,0.5482,0.2
2025-08-18,0.6501,0.1689,2.2842,0.5472,0.2
2025-08-25,0.6526,0.1711,2.2712,0.5753,0.2
2025-09-01,0.6522,0.1834,2.321,0.5636,0.2
2025-09-08,0.646,0.1746,2.3347,0.5534,0.2
2025-09-15,0.6519,0.1715,2.3649,0.5605,0.2
2025-09-22,0.6535,0.1905,2.317,0.5799,0.2
2025-09-29,0.617,0.1815,2.2782,0.5707,0.2
2025-10-06,0.6057,0.1891,2.3353,0.5791,0.2
2025-10-13,0.6257,0.1799,2.3322,0.5598,0.2
2025-10-20,0.6179,0.1818,2.3974,0.5627,0.2
2025-10-27,0.595,0.1904,2.3756,0.5645,0.2
2025-11-03,0.6058,0.1886,2.3921,0.5489,0.2
2025-11-10,0.6012,0.1905,2.4142,0.5365,0.2
2025-11-17,0.6087,0.1888,2.3876,0.5741,0.2
2025-11-24,0.6052,0.1954,2.401,0.563,0.2
2025-12-01,0.6104,0.1979,2.377,0.5401,0.2
2025-12-08,0.6138,0.198,2.4233,0.5701,0.2
2025-12-15,0.6344,0.196,2.4154,0.553,0.2
2025-12-22,0.6249,0.1943,2.4073,0.5198,0.2
